{"scores_player_zero":{"7;10E5;8E8;E4v;A7h":0.59425735,"10;8E4;9D6;D3h;C6h;E6v":0.44132805,"10;9E5;9E4;D3h;D8v":0.47512186,"13;6E4;7E6;D3h;F3h;E4v;D5v;F5h;C6h;E6h":0.52252513,"11;8E5;8E6;A3h;E4h;C7h;E7h":0.47036517,"8;10E5;8E7;D5h;C7h":0.659614,"10;8E4;8E6;C3h;D4v;E4h;C5h":0.46598142,"14;6E4;8D4;D3h;F3h;C4v;D5v;A6h;C6h":0.50317454,"13;7E6;8E5;D3h;E4h;D5v;C6h;E6h":0.32693344,"11;7E4;9E5;D3h;F3h;D5v;C6h":0.4020996,"11;7E4;8E6;D3h;F3h;E4h;C6h;E6v":0.5088252,"8;9E4;9E6;C3h;D4v":0.514619,"8;9E4;8E7;D2h;D4v;F7h":0.6005705,"8;9E4;9E6;D3h;E7h":0.5232092,"9;9F4;8E7;D4v;E4h;C5h":0.56622726,"14;7D4;6E6;D3h;F3h;H3h;C4h;D7h;F7h;H7h":0.59932876,"9;9E5;10E4;D3h":0.42678267,"15;6E6;7E5;D3h;E4h;G4h;D5v;C6h;E6h;G6h":0.3066597,"4;10E3;9E8;A7h":0.599126,"3;9E2;10E8;C2h":0.50430864,"10;8E4;8E6;D3h;C4h;D5v;C6h":0.6764398,"14;6E4;6E6;D3h;F3h;H3h;E4v;D5v;A6h;C6h;E6h":0.237777,"7;10E5;9E7;C7h":0.53046834,"12;8E5;7E6;D3h;E3v;D4v;D7h;F7h":0.529961,"12;8E5;7E6;D3h;E3v;D7h;F7h;H7h":0.5774883,"3;10E3;10E8":0.5146835,"12;7E4;7E6;D3h;F3h;H3h;D7h;F7h;H7h":0.59932876,"11;7E4;8E6;D3h;C5v;A6h;C6h;E6v":0.43398058,"10;8E4;8E6;D3h;A6h;C6h;E6v":0.45405233,"11;7E4;8E6;D3h;F3h;H3h;D7h;F7h":0.52851504,"13;6E4;9D4;D3h;F3h;C4v;D5v;C6h":0.4020996,"7;9E4;9E7;D4v;C5h":0.5615773,"11;7E4;8E6;D3h;F3h;D5v;C6h;E6h":0.49549747,"6;10F3;8E8;D3h;F3h":0.5217739,"8;9E4;9E6;D3h;C7h":0.52623415,"10;8E4;8E6;D3h;F3h;A6h;C6h":0.51362157,"6;10E4;10E6":0.5146835,"8;9E4;8E7;D4v;E4h;C5h":0.56622726,"6;10E4;8E8;E4v;A7h":0.6250832,"9;8E4;9E6;D3h;F3h;F8v":0.5147667,"7;9E4;10E6;D3h":0.51321703,"15;7D5;8C6;D3h;B4h;D4h;D7h;F7h":0.5038307,"0;10E1;10E9":0.5146835,"8;9E4;9E6;C3h;F6h":0.4915645,"9;9E5;9E6;D3h;D8v":0.47512186,"15;5E4;6E6;D3h;F3h;E4v;D5v;F5h;H5h;C6h;E6h;F6v":0.52252513,"13;7E5;8D6;D3h;B4h;D4h;D7h;F7h":0.45805216,"14;6E4;6E6;D3h;F3h;E4v;D5v;F5h;C6h;E6h;F6v":0.52252513,"2;10E2;9E9;D2v":0.5405729,"10;9E5;9E4;D3h;A6h":0.58151484,"9;8E4;9E6;D3h;H3h;E8v":0.5274611,"12;7E4;7E6;D3h;F3h;E4h;A6h;C6h;E6v":0.51992786,"10;8E4;8E6;D3h;F3h;C6h;E6h":0.57071924,"10;9E5;8E6;D3h;A6h;E6h":0.51321703,"4;10E3;10E7":0.5146835,"14;9E3;6E6;E1v;D2v;D4v;E5h;H6h":0.6226311,"1;10E2;10E9":0.5146835,"12;7E4;8E5;D3h;F3h;D5h;C6h;E6v":0.48218,"8;9E4;9E6;D3h;E4h":0.5764918,"8;9E4;9E6;D3h;A6h":0.51321703,"10;9E5;8E6;A3h;C7h;E7h":0.52023023,"11;8E5;8E6;D3h;F3h;C6h;E6h":0.42470527,"6;10E4;9E7;D4v":0.57270575,"13;7E5;8D6;D3h;E3v;D4h;D7h;F7h":0.45194447,"8;9E4;9E6;A3h;H6h":0.50958884,"9;8E4;8E7;F2h;D4v;C5h;F7h":0.5422069,"9;10E4;8E7;D4v;E5h":0.5511256,"10;9E5;8E6;D3h;C6h;E6h":0.56162894,"8;9E4;9E6;D3h;D7h":0.5414581,"12;7E4;7E6;D3h;C5v;A6h;C6h;D6v;E6v":0.43398058,"10;9E5;8E6;D3h;D4v;F7h":0.58906054,"11;7E4;8E6;D3h;F3h;C4v;E4v;C6h":0.4805771,"9;8E4;9E6;D3h;F3h;E4h":0.5764918,"7;9E4;10E6;C3h":0.4915645,"9;8E4;9E6;C1v;D3h;A6h":0.45529485,"12;8E5;8F6;A3h;E4h;C7h;E7h":0.49031126,"14;7E5;7D6;D3h;E3v;D4h;D5v;D7h;F7h":0.57280374,"9;9E5;9E6;D3h;C6h":0.5497749,"2;10E2;10E8":0.5146835,"7;9E4;10E6;D5v":0.45031297,"8;9E4;9E6;A3h;F6h":0.54185796,"12;8E5;8D6;D3h;D4h;D7h;F7h":0.46963513,"8;9E4;9E6;D3h;D8h":0.529357,"14;7E6;7E5;D3h;E4h;D5v;C6h;E6h;G6h":0.32693344,"5;9E3;10E7;A2h":0.4616232,"13;8D5;8D6;D3h;D4h;D7h;F7h":0.4683621,"12;7E4;9D4;D3h;F3h;D5v;C6h":0.4020996,"14;7E5;6E6;E1v;D3h;E3v;D4v;D7h;F7h;H7h":0.46990538,"9;8E4;9E6;D3h;F3h;A6h":0.50826174,"9;8E4;9E6;D3h;D5v;C6h":0.4020996,"12;8E5;7E6;D3h;C4v;D4h;D7h;F7h":0.52614677,"9;8E4;9E6;D3h;F3h;D7h":0.5302164,"13;6E4;7E6;D3h;F3h;C4v;E4v;F5h;C6h;E6h":0.30613714,"9;8E4;9E6;A3h;E5v;F6h":0.54185796,"12;8E5;7E6;D3h;F3h;F5v;C6h;E6h":0.428223,"8;9E4;9E6;D3h;E6h":0.5520193,"5;10E4;9E8;A7h":0.599126,"13;9E3;7E6;E1v;D2v;D4v;E5h":0.60758513,"6;10E4;9E7;C7h":0.53366005,"12;8E5;8D6;D3h;E3v;D7h;F7h":0.59862787,"10;8E4;8E6;D3h;F3h;D7h;F7h":0.5493159,"9;8E4;9E6;D3h;F3h;E7h":0.5232092,"12;8E5;8D5;D3h;D4h;D7h;F7h":0.45132226,"14;8D5;8C6;D3h;D4h;D7h;F7h":0.5038307,"12;8E5;7E6;D3h;D4h;D7h;F7h;H7h":0.6266889,"5;10E4;10E7":0.5146835,"7;9E4;10E6;C2h":0.49772978,"10;8E4;8E6;D3h;E4h;C6h;E6v":0.5088252,"8;9E4;8E7;D2h;D4v;E4h":0.5838195,"11;7E4;9E5;D3h;F3h;C6h;E6v":0.42240977,"8;9E4;9E6;D3h;D8v":0.5206932,"10;8E4;8E6;D3h;C6h;E6v;E8v":0.48195845,"9;8E4;9E6;B1v;D3h;A6h":0.38737893,"10;9E5;9E4;D3h;D5h":0.42678267,"9;8E4;9E6;D3h;H3h;F8v":0.516013,"13;7D4;7E6;D3h;F3h;H3h;D7h;F7h;H7h":0.59932876,"12;7E4;7E6;D3h;F3h;H3h;E4v;A6h;C6h":0.422616,"5;9E3;10E7;C2h":0.49934614,"12;10E3;7E6;D2v;D4v;E5h":0.6071916,"12;7E4;7E6;D3h;F3h;C4v;E4v;C6h;E6h":0.4805771,"10;8E4;9E5;D3h;D5v;C6h":0.4020996,"11;8E5;9E4;A1h;D3h;D5h":0.39102083,"11;8E6;9E5;D3h;D5v;C6h":0.4156704,"13;7E5;8D5;D3h;B4h;D4h;D7h;F7h":0.4763372,"12;8E6;8E5;D3h;D5v;C6h;E6h":0.4156704,"10;8E4;9E5;D3h;C6h;E6v":0.4526459,"13;7E5;7E6;D3h;E3v;C4v;D4h;D7h;F7h":0.39135575,"9;8E4;9E6;D3h;F3h;E6h":0.5520193,"9;8E4;9E6;D3h;F3h;C6h":0.4851581,"10;8E4;8E6;A3h;D4v;E5v;H6h":0.51549923,"9;8E4;8E7;D2h;F2h;D4v;E4h":0.4938448,"7;10E5;10E6":0.475309,"5;10F3;9E8;D3h":0.5217739,"12;7E4;7E6;A3h;C3h;E3h;A7h;C7h;E7h":0.6002237,"9;8E4;9E6;C3h;D4v;C5h":0.43844974,"8;9E4;9E6;D3h;F7h":0.5464188,"11;7E4;8E6;D3h;E4h;C5v;C6h;E6v":0.4777106,"7;9E4;10E6;A3h":0.50958884,"10;8E4;8E6;D3h;D5v;A6h;C6h":0.40485132,"10;8E4;8E6;D3h;F3v;B6h;E6h":0.5616337,"7;9E4;9E7;D2h;D4v":0.56735545,"8;9E4;9E6;D3h;F8v":0.516013,"9;8E4;9E6;D3h;B6h;E6h":0.48317313,"10;8E4;8E6;D3h;D4h;C6h;E6v":0.57704103,"9;9E5;9E6;D3h;F7h":0.5414581,"11;7E4;8E6;A3h;D4v;C5h;E5v;H6h":0.51549923,"5;9E3;10E7;D6h":0.5108965,"9;8E4;8E7;D2h;D4v;E6h;F7h":0.4935543,"10;9E5;8E6;D3h;D7h;F7h":0.5414581,"8;10E5;7E8;E4v;D5h;A7h":0.59425735,"9;9E5;9E6;A3h;C7h":0.43875194,"8;9E4;9E6;A3h;E7h":0.509743,"7;10E5;9E7;D4v":0.549805,"9;9E5;9E6;D3h;D7h":0.5414581,"10;9E5;8E6;D3h;B7h;D7h":0.57243645,"12;7E4;7E6;D3h;F3h;H3h;A6h;C6h;E6h":0.57042533,"10;8E4;8E6;D3h;F3h;F7h;F8v":0.5147667,"8;9E4;9E6;C4h;D5v":0.47118217,"9;8E4;9E6;E1v;D3h;C8v":0.54762816,"10;10E4;8E6;D4v;E5h":0.5505445,"14;7E5;7D6;D3h;B4h;D4h;D5v;D7h;F7h":0.45805216,"11;8E5;8E6;D3h;D4h;D7h;F7h":0.43007743,"8;9E4;9E6;A3h;C7h":0.5263282,"8;10E5;10E4":0.475309,"12;7E4;7E6;D3h;F3h;E4v;D5v;C6h;E6h":0.52252513,"15;5E4;8D4;D3h;F3h;C4v;G4v;D5v;A6h;C6h":0.50317454,"9;8E4;9E6;C4h;D5v;E5h":0.42999524,"8;10E5;8E7;D4v;E5h":0.549805,"12;7E4;8D6;D3h;F3h;H3h;A6h;C6h":0.4925725,"9;9E5;8E7;D4h;D5h;C7h":0.5610273,"9;8E4;9E6;A3h;E5v;H6h":0.4594916,"9;10F5;8E7;D4v;E5h":0.5536988,"8;9E4;8E7;D4v;C5h;F7h":0.57748425,"10;8E4;8E6;D3h;F3h;E4v;C6h":0.4851581,"15;6E5;7D6;D3h;E3v;B4h;D4h;D5v;D7h;F7h":0.27787447,"8;9E4;9E6;D3h;C8v":0.54762816,"11;7E4;8E6;D3h;F3h;A6h;C6h;E6v":0.4555143,"10;8E4;7E7;D2h;F2h;F3v;D4v;E4h":0.4938448,"13;7E5;8D6;E1v;D3h;E3v;D7h;F7h":0.59862787,"11;7E4;8E6;D3h;F3h;H3h;A6h;C6h":0.422616,"9;8E4;9E6;D3h;C6h;E6v":0.43948954,"11;8E5;8E6;D3h;E3v;D7h;F7h":0.529961,"13;7E5;7E6;E1v;D3h;E3v;D7h;F7h;H7h":0.46990538,"8;9E4;9E6;D3h;C6h":0.5497749,"8;9E4;9E6;D3h;E8v":0.5274611,"4;10E3;9E8;D3h":0.5297996,"9;9E5;8E7;D4v;C5h;F7h":0.5162367,"11;10E3;8E6;D4v;E5h":0.5520904,"9;9E5;9E6;D3h;A6h":0.51321703,"12;7E4;8E5;D3h;E4h;C5v;C6h;E6v":0.49283826}}