{"scores_player_zero":{"10;8E4;8E6;D3h;C6h;E6v;E8v":0.48195845,"7;9E4;10E6;D5v":0.45031297,"12;8E5;7E6;D3h;E3v;D4v;D7h;F7h":0.529961,"8;9E4;8E7;D4v;E4h;C5h":0.56622726,"10;9E5;8E6;D3h;D7h;F7h":0.5414581,"13;7E6;8E5;D3h;E4h;D5v;C6h;E6h":0.32693344,"14;7E5;6E6;E1v;D3h;E3v;D4v;D7h;F7h;H7h":0.46990538,"12;10E3;7E6;D2v;D4v;E5h":0.6071916,"12;7E4;7E6;A3h;C3h;E3h;A7h;C7h;E7h":0.6002237,"13;9E3;7E6;E1v;D2v;D4v;E5h":0.60758513,"10;8E4;8E6;C3h;D4v;E4h;C5h":0.46598142,"9;8E4;9E6;D3h;B6h;E6h":0.48317313,"12;7E4;9D4;D3h;F3h;D5v;C6h":0.4020996,"12;7E4;8E5;D3h;F3h;D5h;C6h;E6v":0.48218,"12;8E5;7E6;D3h;E3v;D7h;F7h;H7h":0.5774883,"8;9E4;9E6;D3h;D8v":0.5206932,"10;8E4;8E6;D3h;C4h;D5v;C6h":0.6764398,"8;9E4;8E7;D2h;D4v;F7h":0.6005705,"11;7E4;9E5;D3h;F3h;C6h;E6v":0.42240977,"12;8E5;8D5;D3h;D4h;D7h;F7h":0.45132226,"9;8E4;9E6;C4h;D5v;E5h":0.42999524,"9;8E4;8E7;F2h;D4v;C5h;F7h":0.5422069,"10;8E4;8E6;D3h;F3v;B6h;E6h":0.5616337,"9;8E4;9E6;D3h;F3h;E6h":0.5520193,"13;7E5;8D6;E1v;D3h;E3v;D7h;F7h":0.59862787,"11;8E5;8E6;D3h;D4h;D7h;F7h":0.43007743,"7;10E5;9E7;D4v":0.549805,"15;5E4;8D4;D3h;F3h;C4v;G4v;D5v;A6h;C6h":0.50317454,"9;9E5;9E6;D3h;F7h":0.5414581,"12;7E4;7E6;D3h;F3h;H3h;A6h;C6h;E6h":0.57042533,"9;10E4;8E7;D4v;E5h":0.5511256,"4;10E3;10E7":0.5146835,"3;10E3;10E8":0.5146835,"10;8E4;8E6;D3h;F3h;C6h;E6h":0.57071924,"7;10E5;9E7;C7h":0.53046834,"14;7E5;7D6;D3h;E3v;D4h;D5v;D7h;F7h":0.57280374,"5;10F3;9E8;D3h":0.5217739,"8;9E4;9E6;A3h;E7h":0.509743,"2;10E2;10E8":0.5146835,"11;7E4;8E6;D3h;C5v;A6h;C6h;E6v":0.43398058,"9;8E4;9E6;D3h;F3h;C6h":0.4851581,"11;7E4;8E6;D3h;F3h;D5v;C6h;E6h":0.49549747,"6;10E4;8E8;E4v;A7h":0.6250832,"9;8E4;9E6;D3h;C6h;E6v":0.43948954,"13;7D4;7E6;D3h;F3h;H3h;D7h;F7h;H7h":0.59932876,"12;8E5;8D6;D3h;D4h;D7h;F7h":0.46963513,"6;10E4;10E6":0.5146835,"13;7E5;7E6;D3h;E3v;C4v;D4h;D7h;F7h":0.39135575,"8;9E4;9E6;C4h;D5v":0.47118217,"10;8E4;8E6;D3h;D4h;C6h;E6v":0.57704103,"11;8E5;8E6;A3h;E4h;C7h;E7h":0.47036517,"7;10E5;8E8;E4v;A7h":0.59425735,"12;7E4;7E6;D3h;C5v;A6h;C6h;D6v;E6v":0.43398058,"15;5E4;6E6;D3h;F3h;E4v;D5v;F5h;H5h;C6h;E6h;F6v":0.52252513,"12;8E5;7E6;D3h;C4v;D4h;D7h;F7h":0.52614677,"14;7E6;7E5;D3h;E4h;D5v;C6h;E6h;G6h":0.32693344,"10;8E4;8E6;A3h;D4v;E5v;H6h":0.51549923,"12;7E4;7E6;D3h;F3h;C4v;E4v;C6h;E6h":0.4805771,"8;9E4;9E6;D3h;C6h":0.5497749,"11;7E4;8E6;D3h;F3h;H3h;D7h;F7h":0.52851504,"9;9E5;8E7;D4h;D5h;C7h":0.5610273,"9;9F4;8E7;D4v;E4h;C5h":0.56622726,"9;10F5;8E7;D4v;E5h":0.5536988,"2;10E2;9E9;D2v":0.5405729,"15;6E6;7E5;D3h;E4h;G4h;D5v;C6h;E6h;G6h":0.3066597,"8;9E4;9E6;C3h;F6h":0.4915645,"10;8E4;7E7;D2h;F2h;F3v;D4v;E4h":0.4938448,"10;8E4;8E6;D3h;D5v;A6h;C6h":0.40485132,"9;9E5;9E6;D3h;D7h":0.5414581,"4;10E3;9E8;D3h":0.5297996,"8;10E5;7E8;E4v;D5h;A7h":0.59425735,"10;8E4;9D6;D3h;C6h;E6v":0.44132805,"7;9E4;9E7;D2h;D4v":0.56735545,"9;9E5;9E6;A3h;C7h":0.43875194,"12;7E4;7E6;D3h;F3h;E4h;A6h;C6h;E6v":0.51992786,"14;7E5;7D6;D3h;B4h;D4h;D5v;D7h;F7h":0.45805216,"11;7E4;8E6;D3h;E4h;C5v;C6h;E6v":0.4777106,"5;10E4;10E7":0.5146835,"7;9E4;10E6;D3h":0.51032835,"9;9E5;9E6;D3h;C6h":0.5497749,"10;9E5;8E6;A3h;C7h;E7h":0.52023023,"7;10E5;10E6":0.475309,"10;8E4;8E6;D3h;E4h;C6h;E6v":0.5088252,"7;9E4;10E6;C3h":0.4915645,"10;8E4;8E6;D3h;F3h;E4v;C6h":0.4851581,"8;10E5;10E4":0.475309,"11;7E4;9E5;D3h;F3h;D5v;C6h":0.4020996,"8;9E4;8E7;D2h;D4v;E4h":0.5838195,"13;7E5;7E6;E1v;D3h;E3v;D7h;F7h;H7h":0.46990538,"13;6E4;7E6;D3h;F3h;C4v;E4v;F5h;C6h;E6h":0.30613714,"9;8E4;9E6;A3h;E5v;F6h":0.54185796,"8;9E4;9E6;A3h;C7h":0.5263282,"13;7E5;8D5;D3h;B4h;D4h;D7h;F7h":0.4763372,"11;10E3;8E6;D4v;E5h":0.5520904,"11;7E4;8E6;D3h;F3h;C4v;E4v;C6h":0.4805771,"12;8E5;8F6;A3h;E4h;C7h;E7h":0.49031126,"12;7E4;7E6;D3h;F3h;H3h;E4v;A6h;C6h":0.422616,"10;9E5;9E4;D3h;D8v":0.47512186,"13;7E5;8D6;D3h;E3v;D4h;D7h;F7h":0.45194447,"12;7E4;7E6;D3h;F3h;E4v;D5v;C6h;E6h":0.52252513,"9;8E4;9E6;D3h;F3h;D7h":0.5302164,"8;9E4;9E6;D3h;F7h":0.5464188,"1;10E2;10E9":0.5146835,"12;8E5;7E6;D3h;F3h;F5v;C6h;E6h":0.428223,"9;8E4;9E6;D3h;F3h;E4h":0.5764918,"8;10E5;8E7;D5h;C7h":0.659614,"4;10E3;9E8;A7h":0.599126,"8;9E4;8E7;D4v;C5h;F7h":0.57748425,"6;10E4;9E7;C7h":0.53366005,"9;8E4;8E7;D2h;D4v;E6h;F7h":0.4935543,"10;8E4;9E5;D3h;C6h;E6v":0.4526459,"15;6E5;7D6;D3h;E3v;B4h;D4h;D5v;D7h;F7h":0.27787447,"14;6E4;6E6;D3h;F3h;H3h;E4v;D5v;A6h;C6h;E6h":0.237777,"10;9E5;9E4;D3h;D5h":0.42678267,"11;7E4;8E6;D3h;F3h;H3h;A6h;C6h":0.422616,"7;9E4;9E7;D4v;C5h":0.5615773,"12;8E5;7E6;D3h;D4h;D7h;F7h;H7h":0.6266889,"14;9E3;6E6;E1v;D2v;D4v;E5h;H6h":0.6226311,"8;9E4;9E6;D3h;E6h":0.5520193,"8;9E4;9E6;A3h;F6h":0.54185796,"10;10E4;8E6;D4v;E5h":0.5505445,"10;8E4;9E5;D3h;D5v;C6h":0.4020996,"11;8E6;9E5;D3h;D5v;C6h":0.4156704,"14;7D4;6E6;D3h;F3h;H3h;C4h;D7h;F7h;H7h":0.59932876,"12;7E4;8E5;D3h;E4h;C5v;C6h;E6v":0.49283826,"6;10F3;8E8;D3h;F3h":0.5217739,"12;8E6;8E5;D3h;D5v;C6h;E6h":0.4156704,"9;8E4;9E6;A3h;E5v;H6h":0.4594916,"7;9E4;10E6;C2h":0.49772978,"5;9E3;10E7;D6h":0.5108965,"13;7E5;8D6;D3h;B4h;D4h;D7h;F7h":0.45805216,"14;6E4;8D4;D3h;F3h;C4v;D5v;A6h;C6h":0.50317454,"10;8E4;8E6;D3h;F3h;D7h;F7h":0.5493159,"14;8D5;8C6;D3h;D4h;D7h;F7h":0.5038307,"9;9E5;8E7;D4v;C5h;F7h":0.5162367,"10;9E5;8E6;D3h;B7h;D7h":0.57243645,"5;10E4;9E8;A7h":0.599126,"9;8E4;9E6;C3h;D4v;C5h":0.43844974,"8;9E4;9E6;D3h;D7h":0.5414581,"14;6E4;6E6;D3h;F3h;E4v;D5v;F5h;C6h;E6h;F6v":0.52252513,"11;7E4;8E6;D3h;F3h;E4h;C6h;E6v":0.5088252,"8;9E4;9E6;C3h;D4v":0.514619,"9;8E4;8E7;D2h;F2h;D4v;E4h":0.4938448,"10;9E5;8E6;D3h;C6h;E6h":0.56162894,"5;9E3;10E7;A2h":0.4616232,"9;9E5;10E4;D3h":0.42678267,"10;9E5;8E6;D3h;D4v;F7h":0.58906054,"13;6E4;9D4;D3h;F3h;C4v;D5v;C6h":0.4020996,"11;8E5;8E6;D3h;E3v;D7h;F7h":0.529961,"10;8E4;8E6;D3h;F3h;A6h;C6h":0.51362157,"11;7E4;8E6;A3h;D4v;C5h;E5v;H6h":0.51549923,"12;8E5;8D6;D3h;E3v;D7h;F7h":0.59862787,"5;9E3;10E7;C2h":0.49934614,"13;6E4;7E6;D3h;F3h;E4v;D5v;F5h;C6h;E6h":0.52252513,"6;10E4;9E7;D4v":0.57270575,"8;9E4;9E6;A3h;H6h":0.50958884,"11;8E5;9E4;A1h;D3h;D5h":0.39102083,"10;8E4;8E6;D3h;A6h;C6h;E6v":0.45405233,"8;10E5;8E7;D4v;E5h":0.549805,"12;7E4;7E6;D3h;F3h;H3h;D7h;F7h;H7h":0.59932876,"9;9E5;9E6;D3h;D8v":0.47512186,"11;7E4;8E6;D3h;F3h;A6h;C6h;E6v":0.4555143,"12;7E4;8D6;D3h;F3h;H3h;A6h;C6h":0.4925725,"15;7D5;8C6;D3h;B4h;D4h;D7h;F7h":0.5038307,"7;9E4;10E6;A3h":0.50958884,"11;8E5;8E6;D3h;F3h;C6h;E6h":0.42470527,"9;8E4;9E6;D3h;D5v;C6h":0.4020996,"3;9E2;10E8;C2h":0.50430864,"13;8D5;8D6;D3h;D4h;D7h;F7h":0.4683621,"8;9E4;9E6;D3h;E4h":0.5764918}}
